{
    "avg_prec": 0.9132299756375094,
    "roc_auc": 0.970601787318403
}